Mot-clÃ©,Likes,Commentaires,Republications,Auteur,Description Auteur,Temps PostÃ©
,-administration-gouvernement-government,"PubliÃ© â€¢ 6 an(s) â€¢ 

 Il y a 7 ans",106,10,0
,"Lâ€™Ã©cosystÃ¨me europÃ©en de cybersÃ©curitÃ© est Ã  un tournant critique, marquÃ© par des avancÃ©es dans les cadres rÃ©glementaires tels que NIS2 et DORA, mais freinÃ© par une fragmentation significative et des niveaux de maturitÃ© inÃ©gaux. Ce document explore les dÃ©fis, les opportunitÃ©s et les actions nÃ©cessaires pour aligner le paysage fragmentÃ© de la cybersÃ©curitÃ© en Europe sur les meilleures pratiques mondiales.",2024-12-07,0,0,0
,"Le dÃ©veloppement accÃ©lÃ©rÃ© deshashtag de rÃ©pondre positivement Ã  3ï¸âƒ£ enjeux : diffuser Ã©quitablement les avantages compÃ©titifs liÃ©s Ã  l'IA, renforcer la sÃ©curitÃ© â€ï¸ des infrastructures IT, notamment des TPE-PME, anticiper et favoriser les â€ï¸ â€ reconversions professionnelles Lire l'articleâ€¦hashtag Le HubBpifrance CrÃ©ation â€¢ Provence-Alpes-CÃ´te d'Azur & CorseBpifrance FinancementUpe 13CCI FranceUPE06CJDMouvement des Entreprises de FranceMEDEF SouverainetÃ© et sÃ©curitÃ©L'AcadÃ©mie MEDEFMEDEF entrepreneuriatJean-NoÃ«l Barrot","1 an(s) â€¢ ModifiÃ© â€¢ 

 Il y a 1 an",8,0,0
,"ğ‹ğğ¬ ğ¨ğ›ğ£ğğ­ğ¬ ğœğ¨ğ§ğ§ğğœğ­Ã©ğ¬ ğ©ğ¨ğ®ğ« ğ®ğ§ğ ğ¦ğšğ¢ğ¬ğ¨ğ§ ğ©ğ¥ğ®ğ¬ ğ¢ğ§ğ­ğğ¥ğ¥ğ¢ğ ğğ§ğ­ğ : ğ”ğ§ğ ğ«Ã©ğ¯ğ¨ğ¥ğ®ğ­ğ¢ğ¨ğ§ ğğ§ ğ¦ğšğ«ğœğ¡ğ ğğ§ ğ€ğŸğ«ğ¢ğªğ®ğ ? Les objets connectÃ©s transforment peu Ã  peu nos maisons en vÃ©ritables havres de technologie. Imaginez un monde oÃ¹ la gestion de lâ€™Ã©nergie , la sÃ©curitÃ© , et mÃªme les tÃ¢ches domestiques sont optimisÃ©s en un simple clic ! C'est dÃ©jÃ  une rÃ©alitÃ© pour beaucoup, et l'Afrique n'est pas en reste. Dans un continent en pleine expansion numÃ©rique, les maisons connectÃ©es offrent des avantages indÃ©niables :1ï¸âƒ£ ğğ©ğ­ğ¢ğ¦ğ¢ğ¬ğšğ­ğ¢ğ¨ğ§ Ã©ğ§ğğ«ğ Ã©ğ­ğ¢ğªğ®ğ : RÃ©duction significative de la consommation d'Ã©nergie, un atout prÃ©cieux dans des rÃ©gions oÃ¹ l'accÃ¨s Ã  l'Ã©lectricitÃ© reste un dÃ©fi.2ï¸âƒ£ ğ’Ã©ğœğ®ğ«ğ¢ğ­Ã© ğ«ğğ§ğŸğ¨ğ«ğœÃ©ğ ï¸ : CamÃ©ras de surveillance , dÃ©tecteurs de mouvement ï¸, et systÃ¨mes d'alarme intÃ©grÃ©s pour une protection efficace de nos foyers.3ï¸âƒ£ ğ‚ğ¨ğ§ğŸğ¨ğ«ğ­ ğ©ğğ«ğ¬ğ¨ğ§ğ§ğšğ¥ğ¢ğ¬Ã© ğğ­ ğšğ®ğ­ğ¨ğ¦ğšğ­ğ¢ğ¬ğšğ­ğ¢ğ¨ğ§ : ContrÃ´le Ã  distance des appareils, gestion automatisÃ©e de la tempÃ©rature ï¸ et de lâ€™Ã©clairage . Imaginez pouvoir rÃ©gler votre chauffage , Ã©teindre les lumiÃ¨res , ou prÃ©parer le cafÃ© du matin sans lever le petit doigt !4ï¸âƒ£ ğ€ğ¬ğ¬ğ¢ğ¬ğ­ğšğ§ğ­ğ¬ Ã  ğ©ğ¨ğ«ğ­Ã©ğ ğğ ğ¦ğšğ¢ğ§ ï¸ : Avec des assistants vocaux commehashtag'Amazon , la gestion de votre maison devient intuitive et pratique, avec des commandes vocales pour contrÃ´ler vos appareils, jouer de la musique , et plus encore.Cependant, tout progrÃ¨s technologique sâ€™accompagne de dÃ©fis. L'adoption des maisons connectÃ©es en Afrique pose plusieurs questions importantes : ğ€ğœğœÃ¨ğ¬ Ã  ğˆğ§ğ­ğğ«ğ§ğğ­ : Une connexion stable est nÃ©cessaire, un luxe encore inÃ©galement rÃ©parti sur le continent. ğ‚ğ¨Ã»ğ­ ğğ­ ğšğœğœğğ¬ğ¬ğ¢ğ›ğ¢ğ¥ğ¢ğ­Ã© : Ces technologies sont souvent perÃ§ues comme des solutions haut de gamme, accessibles Ã  une minoritÃ©. ğ’Ã©ğœğ®ğ«ğ¢ğ­Ã© ğğğ¬ ğğ¨ğ§ğ§Ã©ğğ¬ : Les risques de cyberattaques ou de violations de la vie privÃ©e ne peuvent Ãªtre ignorÃ©s dans un environnement oÃ¹ la protection des donnÃ©es n'est pas toujours assurÃ©e.MalgrÃ© ces bÃ©mols, les maisons connectÃ©es pourraient jouer un rÃ´le clÃ© dans la modernisation des villes africaines ï¸, en optimisant l'accÃ¨s aux ressources Ã©nergÃ©tiques et en renforÃ§ant la sÃ©curitÃ© des biens. L'automatisation des tÃ¢ches domestiques et la commoditÃ© apportÃ©e par des assistants intelligents tels qu'Alexa promettent de transformer la vie quotidienne.Qu'en pensez-vous ? La maison connectÃ©e a-t-elle un avenir en Afrique ? Comment pouvons-nous surmonter les dÃ©fis actuels pour en faire une rÃ©alitÃ© accessible Ã  tous ? Partagez vos rÃ©flexions et expÃ©riences en commentaires . Ensemble, explorons les possibilitÃ©s offertes par cette rÃ©volution technologique ! hashtag",2024-08-28,21,3,0
,"IA & CybersÃ©curitÃ© : SÃ©curiser lâ€™Avenir NumÃ©rique de lâ€™Afrique ï¸La transformation numÃ©rique rapide de lâ€™Afrique offre dâ€™immenses opportunitÃ©sâ€”mais aussi des menaces croissantes. Lâ€™Intelligence Artificielle (IA) propose une solution rÃ©volutionnaire pour combler les lacunes, dÃ©tecter les menaces et prÃ©venir les fraudes. Points ClÃ©s :Avantages de lâ€™IA : DÃ©tection des menaces en temps rÃ©el, rÃ©ponse automatisÃ©e, et prÃ©vention avancÃ©e des fraudes.Actions Ã  Entreprendre : Outils Ã©volutifs, systÃ¨mes de donnÃ©es sÃ©curisÃ©s, partenariats et dÃ©veloppement des talents. Comment votre organisation se prÃ©pare-t-elle Ã  adopter la cybersÃ©curitÃ© grÃ¢ce Ã  lâ€™IA ? Ensemble, sÃ©curisons lâ€™Ã©conomie numÃ©rique de lâ€™Afrique. En savoir plus : [Lien vers lâ€™article]hashtag",2024-11-28,5,1,0
